Metodo,Media_Gap,Erro_IC
CW (Clarke & Wright Savings),9.902064285714285,3.5605542857142853
MJ (Mole & Jameson),18.06855,5.344967321428572
NN (Nearest Neighbor),36.49579285714286,8.52025991071428
SW (Sweep),148.7476142857143,45.582863125
