Metodo,Media_Gap,Erro_IC
CW (Clarke & Wright Savings),9.734419999999998,3.243229749999997
MJ (Mole & Jameson),19.816566666666667,5.6684183333333324
NN (Nearest Neighbor),29.421699999999998,10.170628166666665
SW (Sweep),133.91759333333331,41.16995325
