Metodo,Media_Gap,Erro_IC
2opt,8.255349999999998,1.8810398214285708
Exchange,8.386907142857142,1.8384559821428557
Shift,8.35272142857143,1.8836738392857124
