INSTANCE,METHOD,OBJECTIVE,RUNTIME,GAP
CMT10,2opt,1541.33,1.792546875,10.4224
CMT10,GRASP-CW-2OPT,1514.7525,818.9167253749999,8.518225
CMT10,ILS-CW-2OPT,1531.2825,468.4583145,9.702525
